sample_id	participant_id	species	status
PTM902-N1-2021.05.27-15.39.29_PTM902_3_0001.jpg	test	phantom	present
PTM902-N1-2021.05.27-15.39.29_PTM902_2_0002.jpg	test	phantom	present
PTM902-N1-2021.05.27-15.39.29_PTM902_1_0003.jpg	test	phantom	present
PTM902-N2-2021.05.27-15.35.39_PTM902_3_0004.jpg	test	phantom	present
PTM902-N2-2021.05.27-15.35.39_PTM902_2_0005.jpg	test	phantom	present
0006.tif	test	phantom	absent
0007.tif	test	phantom	absent
PTM902-N3-2021.05.27-15.43.30_PTM902_2_0008.jpg	test	phantom	present
PTM902-N3-2021.05.27-15.43.30_PTM902_1_0009.jpg	test	phantom	present
PTM902-N4-2021.05.27-16.09.17_PTM902_3_0010.jpg	test	phantom	present
PTM902-N4-2021.05.27-16.09.17_PTM902_2_0011.jpg	test	phantom	present
PTM902-N4-2021.05.27-16.09.17_PTM902_1_0012.jpg	test	phantom	present
PTM902-N5-2021.05.27-16.27.14_PTM902_3_0013.jpg	test	phantom	present
PTM902-N5-2021.05.27-16.27.14_PTM902_2_0014.jpg	test	phantom	present
PTM902-N5-2021.05.27-16.27.14_PTM902_1_0015.jpg	test	phantom	present
PTM902-N6-2021.05.27-16.16.10_PTM902_3_0016.jpg	test	phantom	present
PTM902-N6-2021.05.27-16.16.10_PTM902_2_0017.jpg	test	phantom	present
PTM902-N6-2021.05.27-16.16.10_PTM902_1_0018.jpg	test	phantom	present
PTM902-N7-2021.05.27-16.30.33_PTM902_3_0019.jpg	test	phantom	present
PTM902-N7-2021.05.27-16.30.33_PTM902_2_0020.jpg	test	phantom	present
PTM902-N7-2021.05.27-16.30.33_PTM902_1_0021.jpg	test	phantom	present
PTM902-N8-2021.05.27-16.37.04_PTM902_3_0022.jpg	test	phantom	present
0023.tif	test	phantom	absent
PTM902-N8-2021.05.27-16.37.04_PTM902_1_0024.jpg	test	phantom	present
0025.tif	test	phantom	absent
PTM902-N9-2021.05.27-15.17.16_PTM902_2_0026.jpg	test	phantom	present
0027.tif	test	phantom	absent
PTM902-N10-2021.05.27-16.42.55_PTM902_1_0028.jpg	test	phantom	present
PTM902-N10-2021.05.27-16.42.55_PTM902_2_0029.jpg	test	phantom	present
PTM902-N10-2021.05.27-16.42.55_PTM902_3_0030.jpg	test	phantom	present
PTM902-N11-2021.05.27-16.46.11_PTM902_3_0031.jpg	test	phantom	present
PTM902-N11-2021.05.27-16.46.11_PTM902_2_0032.jpg	test	phantom	present
PTM902-N11-2021.05.27-16.46.11_PTM902_1_0033.jpg	test	phantom	present
PTM902-N12-2021.05.27-16.49.25_PTM902_3_0034.jpg	test	phantom	present
PTM902-N12-2021.05.27-16.49.25_PTM902_2_0035.jpg	test	phantom	present
PTM902-N12-2021.05.27-16.49.25_PTM902_1_0036.jpg	test	phantom	present
PTM902-N13-2021.05.27-16.52.42_PTM902_3_0037.jpg	test	phantom	present
PTM902-N13-2021.05.27-16.52.42_PTM902_2_0038.jpg	test	phantom	present
PTM902-N13-2021.05.27-16.52.42_PTM902_1_0039.jpg	test	phantom	present
PTM902-N14-2021.05.27-16.56.01_PTM902_3_0040.jpg	test	phantom	present
PTM902-N14-2021.05.27-16.56.01_PTM902_2_0041.jpg	test	phantom	present
PTM902-N14-2021.05.27-16.56.01_PTM902_1_0042.jpg	test	phantom	present
PTM902-N15-2021.05.27-16.59.10_PTM902_1_0043.jpg	test	phantom	present
PTM902-N15-2021.05.27-16.59.10_PTM902_2_0044.jpg	test	phantom	present
PTM902-N15-2021.05.27-16.59.10_PTM902_1_0045.jpg	test	phantom	present
PTM902-N16-2021.05.27-16.33.55_PTM902_3_0046.jpg	test	phantom	present
PTM902-N16-2021.05.27-16.33.55_PTM902_2_0047.jpg	test	phantom	present
PTM902-N16-2021.05.27-16.33.55_PTM902_1_0048.jpg	test	phantom	present
PTM902-N17-2021.05.27-17.02.23_PTM902_3_0049.jpg	test	phantom	present
PTM902-N17-2021.05.27-17.02.23_PTM902_2_0050.jpg	test	phantom	present
PTM902-N17-2021.05.27-17.02.23_PTM902_3_0051.jpg	test	phantom	present
PTM902-N18-2021.05.27-17.05.27_PTM902_3_0052.jpg	test	phantom	present
PTM902-N18-2021.05.27-17.05.27_PTM902_2_0053.jpg	test	phantom	present
PTM902-N18-2021.05.27-17.05.27_PTM902_1_0054.jpg	test	phantom	present
PTM902-N19-2021.05.27-17.08.41_PTM902_3_0055.jpg	test	phantom	present
PTM902-N19-2021.05.27-17.08.41_PTM902_2_0056.jpg	test	phantom	present
PTM902-N19-2021.05.27-17.08.41_PTM902_1_0057.jpg	test	phantom	present
PTM902-N20-2021.05.27-17.11.44_PTM902_3_0058.jpg	test	phantom	present
PTM902-N20-2021.05.27-17.11.44_PTM902_2_0059.jpg	test	phantom	present
PTM902-N20-2021.05.27-17.11.44_PTM902_3_0060.jpg	test	phantom	present
PTM902-N21-2021.05.27-17.14.45_PTM902_1_0061.jpg	test	phantom	present
PTM902-N21-2021.05.27-17.14.45_PTM902_2_0062.jpg	test	phantom	present
PTM902-N21-2021.05.27-17.14.45_PTM902_1_0063.jpg	test	phantom	present
PTM902-N22-2021.05.27-17.17.52_PTM902_3_0064.jpg	test	phantom	present
PTM902-N22-2021.05.27-17.17.52_PTM902_2_0065.jpg	test	phantom	present
PTM902-N22-2021.05.27-17.17.52_PTM902_1_0066.jpg	test	phantom	present
PTM902-N23-2021.05.27-17.20.57_PTM902_1_0067.jpg	test	phantom	present
PTM902-N23-2021.05.27-17.20.57_PTM902_2_0068.jpg	test	phantom	present
PTM902-N23-2021.05.27-17.20.57_PTM902_1_0069.jpg	test	phantom	present
PTM902-N24-2021.05.27-17.24.05_PTM902_1_0070.jpg	test	phantom	present
PTM902-N24-2021.05.27-17.24.05_PTM902_2_0071.jpg	test	phantom	present
PTM902-N24-2021.05.27-17.24.05_PTM902_3_0072.jpg	test	phantom	present
PTM902-N25-2021.05.27-17.27.14_PTM902_1_0073.jpg	test	phantom	present
PTM902-N25-2021.05.27-17.27.14_PTM902_2_0074.jpg	test	phantom	present
PTM902-N25-2021.05.27-17.27.14_PTM902_3_0075.jpg	test	phantom	present
PTM902-N26-2021.05.27-17.30.20_PTM902_1_0076.jpg	test	phantom	present
PTM902-N26-2021.05.27-17.30.20_PTM902_2_0077.jpg	test	phantom	present
PTM902-N26-2021.05.27-17.30.20_PTM902_3_0078.jpg	test	phantom	present
PTM902-N27-2021.05.27-17.33.26_PTM902_1_0079.jpg	test	phantom	present
PTM902-N27-2021.05.27-17.33.26_PTM902_2_0080.jpg	test	phantom	present
PTM902-N27-2021.05.27-17.33.26_PTM902_3_0081.jpg	test	phantom	present
PTM902-N28-2021.05.27-17.36.41_PTM902_1_0082.jpg	test	phantom	present
PTM902-N28-2021.05.27-17.36.41_PTM902_2_0083.jpg	test	phantom	present
PTM902-N28-2021.05.27-17.36.41_PTM902_3_0084.jpg	test	phantom	present
PTM902-N29-2021.05.27-17.39.47_PTM902_1_0085.jpg	test	phantom	present
PTM902-N29-2021.05.27-17.39.47_PTM902_2_0086.jpg	test	phantom	present
PTM902-N29-2021.05.27-17.39.47_PTM902_3_0087.jpg	test	phantom	present
PTM902-N30-2021.05.27-17.42.54_PTM902_1_0088.jpg	test	phantom	present
PTM902-N30-2021.05.27-17.42.54_PTM902_2_0089.jpg	test	phantom	present
PTM902-N30-2021.05.27-17.42.54_PTM902_3_0090.jpg	test	phantom	present
PTM902-N31-2021.05.27-17.46.19_PTM902_3_0091.jpg	test	phantom	present
PTM902-N31-2021.05.27-17.46.19_PTM902_2_0092.jpg	test	phantom	present
PTM902-N31-2021.05.27-17.46.19_PTM902_1_0093.jpg	test	phantom	present
PTM902-N32-2021.05.27-17.49.34_PTM902_1_0094.jpg	test	phantom	present
PTM902-N32-2021.05.27-17.49.34_PTM902_2_0095.jpg	test	phantom	present
PTM902-N32-2021.05.27-17.49.34_PTM902_1_0096.jpg	test	phantom	present
PTM902-N33-2021.05.27-17.52.56_PTM902_3_0097.jpg	test	phantom	present
PTM902-N33-2021.05.27-17.52.56_PTM902_2_0098.jpg	test	phantom	present
PTM902-N33-2021.05.27-17.52.56_PTM902_1_0099.jpg	test	phantom	present
PTM902-N34-2021.05.27-17.56.11_PTM902_1_0100.jpg	test	phantom	present
PTM902-N34-2021.05.27-17.56.11_PTM902_2_0101.jpg	test	phantom	present
PTM902-N34-2021.05.27-17.56.11_PTM902_3_0102.jpg	test	phantom	present
PTM902-N35-2021.05.27-17.59.26_PTM902_1_0103.jpg	test	phantom	present
PTM902-N35-2021.05.27-17.59.26_PTM902_2_0104.jpg	test	phantom	present
PTM902-N35-2021.05.27-17.59.26_PTM902_3_0105.jpg	test	phantom	present
PTM902-N36-2021.05.27-18.02.44_PTM902_1_0106.jpg	test	phantom	present
PTM902-N36-2021.05.27-18.02.44_PTM902_2_0107.jpg	test	phantom	present
PTM902-N36-2021.05.27-18.02.44_PTM902_1_0108.jpg	test	phantom	present
PTM902-N37-2021.05.27-18.06.06_PTM902_1_0109.jpg	test	phantom	present
PTM902-N37-2021.05.27-18.06.06_PTM902_2_0110.jpg	test	phantom	present
PTM902-N37-2021.05.27-18.06.06_PTM902_3_0111.jpg	test	phantom	present
PTM902-N38-2021.05.27-18.09.23_PTM902_1_0112.jpg	test	phantom	present
PTM902-N38-2021.05.27-18.09.23_PTM902_2_0113.jpg	test	phantom	present
PTM902-N38-2021.05.27-18.09.23_PTM902_3_0114.jpg	test	phantom	present
PTM902-N39-2021.05.27-18.12.40_PTM902_1_0115.jpg	test	phantom	present
PTM902-N39-2021.05.27-18.12.40_PTM902_2_0116.jpg	test	phantom	present
PTM902-N39-2021.05.27-18.12.40_PTM902_1_0117.jpg	test	phantom	present
PTM902-N40-2021.05.27-18.16.03_PTM902_3_0118.jpg	test	phantom	present
PTM902-N40-2021.05.27-18.16.03_PTM902_2_0119.jpg	test	phantom	present
PTM902-N40-2021.05.27-18.16.03_PTM902_3_0120.jpg	test	phantom	present
PTM902-N41-2021.05.27-18.19.32_PTM902_3_0121.jpg	test	phantom	present
PTM902-N41-2021.05.27-18.19.32_PTM902_2_0122.jpg	test	phantom	present
PTM902-N41-2021.05.27-18.19.32_PTM902_1_0123.jpg	test	phantom	present
PTM902-N42-2021.05.27-18.22.57_PTM902_3_0124.jpg	test	phantom	present
PTM902-N42-2021.05.27-18.22.57_PTM902_2_0125.jpg	test	phantom	present
PTM902-N42-2021.05.27-18.22.57_PTM902_1_0126.jpg	test	phantom	present
PTM902-N43-2021.05.27-18.26.13_PTM902_3_0127.jpg	test	phantom	present
PTM902-N43-2021.05.27-18.26.13_PTM902_2_0128.jpg	test	phantom	present
PTM902-N43-2021.05.27-18.26.13_PTM902_1_0129.jpg	test	phantom	present
PTM902-N44-2021.05.27-18.29.30_PTM902_3_0130.jpg	test	phantom	present
PTM902-N44-2021.05.27-18.29.30_PTM902_2_0131.jpg	test	phantom	present
PTM902-N44-2021.05.27-18.29.30_PTM902_1_0132.jpg	test	phantom	present
PTM902-N45-2021.05.27-18.32.46_PTM902_3_0133.jpg	test	phantom	present
PTM902-N45-2021.05.27-18.32.46_PTM902_2_0134.jpg	test	phantom	present
PTM902-N45-2021.05.27-18.32.46_PTM902_1_0135.jpg	test	phantom	present
PTM902-N46-2021.05.27-18.36.22_PTM902_3_0136.jpg	test	phantom	present
PTM902-N46-2021.05.27-18.36.22_PTM902_2_0137.jpg	test	phantom	present
PTM902-N46-2021.05.27-18.36.22_PTM902_1_0138.jpg	test	phantom	present
PTM902-N47-2021.05.27-18.39.46_PTM902_3_0139.jpg	test	phantom	present
PTM902-N47-2021.05.27-18.39.46_PTM902_2_0140.jpg	test	phantom	present
PTM902-N47-2021.05.27-18.39.46_PTM902_1_0141.jpg	test	phantom	present
PTM902-N48-2021.05.27-18.43.11_PTM902_3_0142.jpg	test	phantom	present
PTM902-N48-2021.05.27-18.43.11_PTM902_2_0143.jpg	test	phantom	present
PTM902-N48-2021.05.27-18.43.11_PTM902_1_0144.jpg	test	phantom	present
PTM902-N49-2021.05.27-18.46.28_PTM902_3_0145.jpg	test	phantom	present
PTM902-N49-2021.05.27-18.46.28_PTM902_2_0146.jpg	test	phantom	present
PTM902-N49-2021.05.27-18.46.28_PTM902_1_0147.jpg	test	phantom	present
PTM902-N50-2021.05.27-18.49.42_PTM902_3_0148.jpg	test	phantom	present
PTM902-N50-2021.05.27-18.49.42_PTM902_2_0149.jpg	test	phantom	present
PTM902-N50-2021.05.27-18.49.42_PTM902_1_0150.jpg	test	phantom	present
PTM902-N51-2021.05.27-18.53.03_PTM902_3_0151.jpg	test	phantom	present
PTM902-N51-2021.05.27-18.53.03_PTM902_2_0152.jpg	test	phantom	present
PTM902-N51-2021.05.27-18.53.03_PTM902_1_0153.jpg	test	phantom	present
PTM902-N52-2021.05.27-18.56.18_PTM902_3_0154.jpg	test	phantom	present
PTM902-N52-2021.05.27-18.56.18_PTM902_2_0155.jpg	test	phantom	present
PTM902-N52-2021.05.27-18.56.18_PTM902_1_0156.jpg	test	phantom	present
PTM902-N53-2021.05.27-18.59.35_PTM902_3_0157.jpg	test	phantom	present
PTM902-N53-2021.05.27-18.59.35_PTM902_2_0158.jpg	test	phantom	present
PTM902-N53-2021.05.27-18.59.35_PTM902_1_0159.jpg	test	phantom	present
PTM902-N54-2021.05.27-19.02.49_PTM902_3_0160.jpg	test	phantom	present
PTM902-N54-2021.05.27-19.02.49_PTM902_2_0161.jpg	test	phantom	present
PTM902-N54-2021.05.27-19.02.49_PTM902_1_0162.jpg	test	phantom	present
PTM902-N55-2021.05.27-19.06.04_PTM902_3_0163.jpg	test	phantom	present
PTM902-N55-2021.05.27-19.06.04_PTM902_2_0164.jpg	test	phantom	present
PTM902-N55-2021.05.27-19.06.04_PTM902_1_0165.jpg	test	phantom	present
PTM902-N56-2021.05.27-19.09.21_PTM902_3_0166.jpg	test	phantom	present
PTM902-N56-2021.05.27-19.09.21_PTM902_2_0167.jpg	test	phantom	present
PTM902-N56-2021.05.27-19.09.21_PTM902_1_0168.jpg	test	phantom	present
PTM902-N57-2021.05.27-19.12.35_PTM902_3_0169.jpg	test	phantom	present
PTM902-N57-2021.05.27-19.12.35_PTM902_2_0170.jpg	test	phantom	present
PTM902-N57-2021.05.27-19.12.35_PTM902_1_0171.jpg	test	phantom	present
PTM902-N58-2021.05.27-19.15.52_PTM902_3_0172.jpg	test	phantom	present
PTM902-N58-2021.05.27-19.15.52_PTM902_2_0173.jpg	test	phantom	present
PTM902-N58-2021.05.27-19.15.52_PTM902_1_0174.jpg	test	phantom	present
PTM902-N59-2021.05.27-19.19.07_PTM902_3_0175.jpg	test	phantom	present
PTM902-N59-2021.05.27-19.19.07_PTM902_2_0176.jpg	test	phantom	present
PTM902-N59-2021.05.27-19.19.07_PTM902_1_0177.jpg	test	phantom	present
PTM902-N60-2021.05.27-19.22.52_PTM902_3_0178.jpg	test	phantom	present
PTM902-N60-2021.05.27-19.22.52_PTM902_2_0179.jpg	test	phantom	present
PTM902-N60-2021.05.27-19.22.52_PTM902_1_0180.jpg	test	phantom	present
PTM902-N61-2021.05.27-19.26.18_PTM902_3_0181.jpg	test	phantom	present
PTM902-N61-2021.05.27-19.26.18_PTM902_2_0182.jpg	test	phantom	present
PTM902-N61-2021.05.27-19.26.18_PTM902_1_0183.jpg	test	phantom	present
PTM902-N62-2021.05.27-19.30.51_PTM902_3_0184.jpg	test	phantom	present
PTM902-N62-2021.05.27-19.30.51_PTM902_2_0185.jpg	test	phantom	present
PTM902-N62-2021.05.27-19.30.51_PTM902_1_0186.jpg	test	phantom	present
PTM902-N63-2021.05.27-19.35.16_PTM902_3_0187.jpg	test	phantom	present
PTM902-N63-2021.05.27-19.35.16_PTM902_2_0188.jpg	test	phantom	present
PTM902-N63-2021.05.27-19.35.16_PTM902_1_0189.jpg	test	phantom	present
PTM902-N64-2021.05.27-19.39.37_PTM902_3_0190.jpg	test	phantom	present
PTM902-N64-2021.05.27-19.39.37_PTM902_2_0191.jpg	test	phantom	present
PTM902-N64-2021.05.27-19.39.37_PTM902_1_0192.jpg	test	phantom	present
PTM902-N65-2021.05.27-19.44.25_PTM902_3_0193.jpg	test	phantom	present
PTM902-N65-2021.05.27-19.44.25_PTM902_2_0194.jpg	test	phantom	present
PTM902-N65-2021.05.27-19.44.25_PTM902_1_0195.jpg	test	phantom	present
PTM902-N66-2021.05.27-19.48.50_PTM902_3_0196.jpg	test	phantom	present
PTM902-N66-2021.05.27-19.48.50_PTM902_2_0197.jpg	test	phantom	present
PTM902-N66-2021.05.27-19.48.50_PTM902_1_0198.jpg	test	phantom	present
PTM902-N67-2021.05.27-19.52.39_PTM902_3_0199.jpg	test	phantom	present
PTM902-N67-2021.05.27-19.52.39_PTM902_2_0200.jpg	test	phantom	present
PTM902-N67-2021.05.27-19.52.39_PTM902_1_0201.jpg	test	phantom	present
PTM902-N68-2021.05.27-19.56.29_PTM902_3_0202.jpg	test	phantom	present
PTM902-N68-2021.05.27-19.56.29_PTM902_2_0203.jpg	test	phantom	present
PTM902-N68-2021.05.27-19.56.29_PTM902_1_0204.jpg	test	phantom	present
PTM902-N69-2021.05.27-20.00.20_PTM902_3_0205.jpg	test	phantom	present
PTM902-N69-2021.05.27-20.00.20_PTM902_2_0206.jpg	test	phantom	present
PTM902-N69-2021.05.27-20.00.20_PTM902_1_0207.jpg	test	phantom	present
PTM902-N70-2021.05.27-20.04.09_PTM902_3_0208.jpg	test	phantom	present
PTM902-N70-2021.05.27-20.04.09_PTM902_2_0209.jpg	test	phantom	present
PTM902-N70-2021.05.27-20.04.09_PTM902_1_0210.jpg	test	phantom	present
PTM902-N71-2021.05.27-20.08.00_PTM902_3_0211.jpg	test	phantom	present
PTM902-N71-2021.05.27-20.08.00_PTM902_2_0212.jpg	test	phantom	present
PTM902-N71-2021.05.27-20.08.00_PTM902_1_0213.jpg	test	phantom	present
PTM902-N72-2021.05.27-20.11.56_PTM902_3_0214.jpg	test	phantom	present
PTM902-N72-2021.05.27-20.11.56_PTM902_2_0215.jpg	test	phantom	present
PTM902-N72-2021.05.27-20.11.56_PTM902_1_0216.jpg	test	phantom	present
PTM902-N73-2021.05.27-20.16.17_PTM902_3_0217.jpg	test	phantom	present
PTM902-N73-2021.05.27-20.16.17_PTM902_2_0218.jpg	test	phantom	present
PTM902-N73-2021.05.27-20.16.17_PTM902_1_0219.jpg	test	phantom	present
PTM902-N74-2021.05.27-20.20.15_PTM902_3_0220.jpg	test	phantom	present
PTM902-N74-2021.05.27-20.20.15_PTM902_2_0221.jpg	test	phantom	present
PTM902-N74-2021.05.27-20.20.15_PTM902_1_0222.jpg	test	phantom	present
PTM902-N75-2021.05.27-20.24.17_PTM902_3_0223.jpg	test	phantom	present
PTM902-N75-2021.05.27-20.24.17_PTM902_2_0224.jpg	test	phantom	present
PTM902-N75-2021.05.27-20.24.17_PTM902_1_0225.jpg	test	phantom	present
PTM902-N76-2021.05.27-20.28.23_PTM902_3_0226.jpg	test	phantom	present
PTM902-N76-2021.05.27-20.28.23_PTM902_2_0227.jpg	test	phantom	present
PTM902-N76-2021.05.27-20.28.23_PTM902_1_0228.jpg	test	phantom	present
PTM902-N77-2021.05.27-20.32.23_PTM902_3_0229.jpg	test	phantom	present
PTM902-N77-2021.05.27-20.32.23_PTM902_2_0230.jpg	test	phantom	present
PTM902-N77-2021.05.27-20.32.23_PTM902_1_0231.jpg	test	phantom	present
PTM902-N78-2021.05.27-20.36.59_PTM902_3_0232.jpg	test	phantom	present
PTM902-N78-2021.05.27-20.36.59_PTM902_2_0233.jpg	test	phantom	present
PTM902-N78-2021.05.27-20.36.59_PTM902_1_0234.jpg	test	phantom	present
PTM902-N79-2021.05.27-20.41.02_PTM902_3_0235.jpg	test	phantom	present
PTM902-N79-2021.05.27-20.41.02_PTM902_2_0236.jpg	test	phantom	present
PTM902-N79-2021.05.27-20.41.02_PTM902_1_0237.jpg	test	phantom	present
PTM902-N80-2021.05.27-20.45.13_PTM902_1_0238.jpg	test	phantom	present
PTM902-N80-2021.05.27-20.45.13_PTM902_2_0239.jpg	test	phantom	present
PTM902-N80-2021.05.27-20.45.13_PTM902_1_0240.jpg	test	phantom	present
PTM902-N81-2021.05.27-20.49.17_PTM902_3_0241.jpg	test	phantom	present
PTM902-N81-2021.05.27-20.49.17_PTM902_2_0242.jpg	test	phantom	present
PTM902-N81-2021.05.27-20.49.17_PTM902_1_0243.jpg	test	phantom	present
PTM902-N82-2021.05.27-20.53.19_PTM902_3_0244.jpg	test	phantom	present
PTM902-N82-2021.05.27-20.53.19_PTM902_2_0245.jpg	test	phantom	present
PTM902-N82-2021.05.27-20.53.19_PTM902_1_0246.jpg	test	phantom	present
PTM902-N83-2021.05.27-20.57.47_PTM902_3_0247.jpg	test	phantom	present
PTM902-N83-2021.05.27-20.57.47_PTM902_2_0248.jpg	test	phantom	present
PTM902-N83-2021.05.27-20.57.47_PTM902_1_0249.jpg	test	phantom	present
PTM902-N84-2021.05.27-21.02.21_PTM902_3_0250.jpg	test	phantom	present
PTM902-N84-2021.05.27-21.02.21_PTM902_2_0251.jpg	test	phantom	present
PTM902-N84-2021.05.27-21.02.21_PTM902_1_0252.jpg	test	phantom	present
PTM902-N85-2021.05.27-21.06.38_PTM902_3_0253.jpg	test	phantom	present
PTM902-N85-2021.05.27-21.06.38_PTM902_2_0254.jpg	test	phantom	present
PTM902-N85-2021.05.27-21.06.38_PTM902_1_0255.jpg	test	phantom	present
PTM902-N86-2021.05.27-21.10.57_PTM902_3_0256.jpg	test	phantom	present
PTM902-N86-2021.05.27-21.10.57_PTM902_2_0257.jpg	test	phantom	present
PTM902-N86-2021.05.27-21.10.57_PTM902_1_0258.jpg	test	phantom	present
PTM902-N87-2021.05.27-21.15.30_PTM902_3_0259.jpg	test	phantom	present
PTM902-N87-2021.05.27-21.15.30_PTM902_2_0260.jpg	test	phantom	present
PTM902-N87-2021.05.27-21.15.30_PTM902_1_0261.jpg	test	phantom	present
PTM902-N88-2021.05.27-21.19.48_PTM902_3_0262.jpg	test	phantom	present
PTM902-N88-2021.05.27-21.19.48_PTM902_2_0263.jpg	test	phantom	present
PTM902-N88-2021.05.27-21.19.48_PTM902_1_0264.jpg	test	phantom	present
PTM902-N89-2021.05.27-21.24.03_PTM902_3_0265.jpg	test	phantom	present
PTM902-N89-2021.05.27-21.24.03_PTM902_2_0266.jpg	test	phantom	present
PTM902-N89-2021.05.27-21.24.03_PTM902_1_0267.jpg	test	phantom	present
PTM902-N90-2021.05.27-21.28.20_PTM902_3_0268.jpg	test	phantom	present
PTM902-N90-2021.05.27-21.28.20_PTM902_2_0269.jpg	test	phantom	present
PTM902-N90-2021.05.27-21.28.20_PTM902_1_0270.jpg	test	phantom	present
PTM902-N91-2021.05.27-21.32.43_PTM902_3_0271.jpg	test	phantom	present
PTM902-N91-2021.05.27-21.32.43_PTM902_2_0272.jpg	test	phantom	present
PTM902-N91-2021.05.27-21.32.43_PTM902_1_0273.jpg	test	phantom	present
PTM902-N92-2021.05.27-21.37.40_PTM902_3_0274.jpg	test	phantom	present
PTM902-N92-2021.05.27-21.37.40_PTM902_2_0275.jpg	test	phantom	present
PTM902-N92-2021.05.27-21.37.40_PTM902_1_0276.jpg	test	phantom	present
PTM902-N93-2021.05.27-21.42.09_PTM902_3_0277.jpg	test	phantom	present
PTM902-N93-2021.05.27-21.42.09_PTM902_2_0278.jpg	test	phantom	present
PTM902-N93-2021.05.27-21.42.09_PTM902_1_0279.jpg	test	phantom	present
PTM902-N94-2021.05.27-21.46.39_PTM902_3_0280.jpg	test	phantom	present
PTM902-N94-2021.05.27-21.46.39_PTM902_2_0281.jpg	test	phantom	present
PTM902-N94-2021.05.27-21.46.39_PTM902_1_0282.jpg	test	phantom	present
PTM902-N95-2021.05.27-21.51.39_PTM902_3_0283.jpg	test	phantom	present
PTM902-N95-2021.05.27-21.51.39_PTM902_2_0284.jpg	test	phantom	present
PTM902-N95-2021.05.27-21.51.39_PTM902_1_0285.jpg	test	phantom	present
PTM902-N96-2021.05.27-21.56.07_PTM902_3_0286.jpg	test	phantom	present
PTM902-N96-2021.05.27-21.56.07_PTM902_2_0287.jpg	test	phantom	present
PTM902-N96-2021.05.27-21.56.07_PTM902_1_0288.jpg	test	phantom	present
PTM902-N97-2021.05.27-22.00.26_PTM902_3_0289.jpg	test	phantom	present
PTM902-N97-2021.05.27-22.00.26_PTM902_2_0290.jpg	test	phantom	present
PTM902-N97-2021.05.27-22.00.26_PTM902_1_0291.jpg	test	phantom	present
PTM902-N98-2021.05.27-22.04.58_PTM902_3_0292.jpg	test	phantom	present
PTM902-N98-2021.05.27-22.04.58_PTM902_2_0293.jpg	test	phantom	present
PTM902-N98-2021.05.27-22.04.58_PTM902_1_0294.jpg	test	phantom	present
PTM902-N99-2021.05.27-22.10.01_PTM902_3_0295.jpg	test	phantom	present
PTM902-N99-2021.05.27-22.10.01_PTM902_2_0296.jpg	test	phantom	present
PTM902-N99-2021.05.27-22.10.01_PTM902_1_0297.jpg	test	phantom	present
PTM902-N100-2021.05.27-22.14.41_PTM902_3_0298.jpg	test	phantom	present
PTM902-N100-2021.05.27-22.14.41_PTM902_2_0299.jpg	test	phantom	present
PTM902-N100-2021.05.27-22.14.41_PTM902_1_0300.jpg	test	phantom	present
PTM902-N101-2021.05.27-22.19.32_PTM902_3_0301.jpg	test	phantom	present
PTM902-N101-2021.05.27-22.19.32_PTM902_2_0302.jpg	test	phantom	present
PTM902-N101-2021.05.27-22.19.32_PTM902_1_0303.jpg	test	phantom	present
PTM902-N102-2021.05.27-22.24.00_PTM902_3_0304.jpg	test	phantom	present
PTM902-N102-2021.05.27-22.24.00_PTM902_2_0305.jpg	test	phantom	present
PTM902-N102-2021.05.27-22.24.00_PTM902_1_0306.jpg	test	phantom	present
PTM902-N103-2021.05.27-22.28.28_PTM902_3_0307.jpg	test	phantom	present
PTM902-N103-2021.05.27-22.28.28_PTM902_2_0308.jpg	test	phantom	present
PTM902-N103-2021.05.27-22.28.28_PTM902_1_0309.jpg	test	phantom	present
PTM902-N104-2021.05.27-22.32.47_PTM902_3_0310.jpg	test	phantom	present
PTM902-N104-2021.05.27-22.32.47_PTM902_2_0311.jpg	test	phantom	present
PTM902-N104-2021.05.27-22.32.47_PTM902_1_0312.jpg	test	phantom	present
PTM902-N105-2021.05.27-22.37.29_PTM902_3_0313.jpg	test	phantom	present
PTM902-N105-2021.05.27-22.37.29_PTM902_2_0314.jpg	test	phantom	present
PTM902-N105-2021.05.27-22.37.29_PTM902_1_0315.jpg	test	phantom	present
PTM902-N106-2021.05.27-22.41.49_PTM902_3_0316.jpg	test	phantom	present
PTM902-N106-2021.05.27-22.41.49_PTM902_2_0317.jpg	test	phantom	present
PTM902-N106-2021.05.27-22.41.49_PTM902_1_0318.jpg	test	phantom	present
PTM902-N107-2021.05.27-22.46.21_PTM902_3_0319.jpg	test	phantom	present
PTM902-N107-2021.05.27-22.46.21_PTM902_2_0320.jpg	test	phantom	present
PTM902-N107-2021.05.27-22.46.21_PTM902_1_0321.jpg	test	phantom	present
PTM902-N108-2021.05.27-22.50.56_PTM902_3_0322.jpg	test	phantom	present
PTM902-N108-2021.05.27-22.50.56_PTM902_2_0323.jpg	test	phantom	present
PTM902-N108-2021.05.27-22.50.56_PTM902_1_0324.jpg	test	phantom	present
PTM902-N109-2021.05.27-22.55.22_PTM902_3_0325.jpg	test	phantom	present
PTM902-N109-2021.05.27-22.55.22_PTM902_2_0326.jpg	test	phantom	present
PTM902-N109-2021.05.27-22.55.22_PTM902_1_0327.jpg	test	phantom	present
PTM902-N110-2021.05.27-22.59.51_PTM902_3_0328.jpg	test	phantom	present
PTM902-N110-2021.05.27-22.59.51_PTM902_2_0329.jpg	test	phantom	present
PTM902-N110-2021.05.27-22.59.51_PTM902_1_0330.jpg	test	phantom	present
PTM902-N111-2021.05.27-23.04.19_PTM902_3_0331.jpg	test	phantom	present
PTM902-N111-2021.05.27-23.04.19_PTM902_2_0332.jpg	test	phantom	present
PTM902-N111-2021.05.27-23.04.19_PTM902_1_0333.jpg	test	phantom	present
PTM902-N112-2021.05.27-23.07.29_PTM902_3_0334.jpg	test	phantom	present
PTM902-N112-2021.05.27-23.07.29_PTM902_2_0335.jpg	test	phantom	present
PTM902-N112-2021.05.27-23.07.29_PTM902_1_0336.jpg	test	phantom	present
PTM902-N113-2021.05.27-23.12.00_PTM902_3_0337.jpg	test	phantom	present
PTM902-N113-2021.05.27-23.12.00_PTM902_2_0338.jpg	test	phantom	present
PTM902-N113-2021.05.27-23.12.00_PTM902_1_0339.jpg	test	phantom	present
PTM902-N114-2021.05.27-23.16.52_PTM902_3_0340.jpg	test	phantom	present
PTM902-N114-2021.05.27-23.16.52_PTM902_2_0341.jpg	test	phantom	present
PTM902-N114-2021.05.27-23.16.52_PTM902_1_0342.jpg	test	phantom	present
PTM902-N115-2021.05.27-23.21.20_PTM902_3_0343.jpg	test	phantom	present
PTM902-N115-2021.05.27-23.21.20_PTM902_2_0344.jpg	test	phantom	present
PTM902-N115-2021.05.27-23.21.20_PTM902_1_0345.jpg	test	phantom	present
PTM902-N116-2021.05.27-23.25.48_PTM902_3_0346.jpg	test	phantom	present
PTM902-N116-2021.05.27-23.25.48_PTM902_2_0347.jpg	test	phantom	present
PTM902-N116-2021.05.27-23.25.48_PTM902_1_0348.jpg	test	phantom	present
PTM902-N117-2021.05.27-23.30.50_PTM902_3_0349.jpg	test	phantom	present
PTM902-N117-2021.05.27-23.30.50_PTM902_2_0350.jpg	test	phantom	present
PTM902-N117-2021.05.27-23.30.50_PTM902_1_0351.jpg	test	phantom	present
PTM902-N118-2021.05.27-23.36.00_PTM902_3_0352.jpg	test	phantom	present
PTM902-N118-2021.05.27-23.36.00_PTM902_2_0353.jpg	test	phantom	present
PTM902-N118-2021.05.27-23.36.00_PTM902_1_0354.jpg	test	phantom	present
PTM902-N119-2021.05.27-23.40.26_PTM902_3_0355.jpg	test	phantom	present
PTM902-N119-2021.05.27-23.40.26_PTM902_2_0356.jpg	test	phantom	present
PTM902-N119-2021.05.27-23.40.26_PTM902_1_0357.jpg	test	phantom	present
PTM902-N120-2021.05.27-23.45.15_PTM902_3_0358.jpg	test	phantom	present
PTM902-N120-2021.05.27-23.45.15_PTM902_2_0359.jpg	test	phantom	present
PTM902-N120-2021.05.27-23.45.15_PTM902_1_0360.jpg	test	phantom	present
PTM902-N121-2021.05.27-23.50.00_PTM902_3_0361.jpg	test	phantom	present
PTM902-N121-2021.05.27-23.50.00_PTM902_2_0362.jpg	test	phantom	present
PTM902-N121-2021.05.27-23.50.00_PTM902_1_0363.jpg	test	phantom	present
PTM902-N122-2021.05.27-23.54.44_PTM902_3_0364.jpg	test	phantom	present
PTM902-N122-2021.05.27-23.54.44_PTM902_2_0365.jpg	test	phantom	present
PTM902-N122-2021.05.27-23.54.44_PTM902_1_0366.jpg	test	phantom	present
PTM902-N123-2021.05.27-23.59.26_PTM902_3_0367.jpg	test	phantom	present
PTM902-N123-2021.05.27-23.59.26_PTM902_2_0368.jpg	test	phantom	present
PTM902-N123-2021.05.27-23.59.26_PTM902_1_0369.jpg	test	phantom	present
PTM902-N124-2021.05.28-00.04.06_PTM902_3_0370.jpg	test	phantom	present
PTM902-N124-2021.05.28-00.04.06_PTM902_2_0371.jpg	test	phantom	present
PTM902-N124-2021.05.28-00.04.06_PTM902_1_0372.jpg	test	phantom	present
PTM902-N125-2021.05.28-00.09.16_PTM902_3_0373.jpg	test	phantom	present
PTM902-N125-2021.05.28-00.09.16_PTM902_2_0374.jpg	test	phantom	present
PTM902-N125-2021.05.28-00.09.16_PTM902_1_0375.jpg	test	phantom	present
PTM902-N126-2021.05.28-00.14.01_PTM902_3_0376.jpg	test	phantom	present
PTM902-N126-2021.05.28-00.14.01_PTM902_2_0377.jpg	test	phantom	present
PTM902-N126-2021.05.28-00.14.01_PTM902_1_0378.jpg	test	phantom	present
PTM902-N127-2021.05.28-00.18.42_PTM902_3_0379.jpg	test	phantom	present
PTM902-N127-2021.05.28-00.18.42_PTM902_2_0380.jpg	test	phantom	present
PTM902-N127-2021.05.28-00.18.42_PTM902_1_0381.jpg	test	phantom	present
PTM902-N128-2021.05.28-00.24.10_PTM902_3_0382.jpg	test	phantom	present
PTM902-N128-2021.05.28-00.24.10_PTM902_2_0383.jpg	test	phantom	present
PTM902-N128-2021.05.28-00.24.10_PTM902_1_0384.jpg	test	phantom	present
PTM902-N129-2021.05.28-00.28.56_PTM902_3_0385.jpg	test	phantom	present
PTM902-N129-2021.05.28-00.28.56_PTM902_2_0386.jpg	test	phantom	present
PTM902-N129-2021.05.28-00.28.56_PTM902_1_0387.jpg	test	phantom	present
PTM902-N130-2021.05.28-00.33.44_PTM902_1_0388.jpg	test	phantom	present
PTM902-N130-2021.05.28-00.33.44_PTM902_2_0389.jpg	test	phantom	present
PTM902-N130-2021.05.28-00.33.44_PTM902_1_0390.jpg	test	phantom	present
PTM902-N131-2021.05.28-00.38.46_PTM902_1_0391.jpg	test	phantom	present
PTM902-N131-2021.05.28-00.38.46_PTM902_2_0392.jpg	test	phantom	present
PTM902-N131-2021.05.28-00.38.46_PTM902_1_0393.jpg	test	phantom	present
PTM902-N132-2021.05.28-00.43.37_PTM902_3_0394.jpg	test	phantom	present
PTM902-N132-2021.05.28-00.43.37_PTM902_2_0395.jpg	test	phantom	present
PTM902-N132-2021.05.28-00.43.37_PTM902_1_0396.jpg	test	phantom	present
PTM902-N133-2021.05.28-00.48.17_PTM902_3_0397.jpg	test	phantom	present
PTM902-N133-2021.05.28-00.48.17_PTM902_2_0398.jpg	test	phantom	present
PTM902-N133-2021.05.28-00.48.17_PTM902_1_0399.jpg	test	phantom	present
PTM902-N134-2021.05.28-00.52.52_PTM902_3_0400.jpg	test	phantom	present
PTM902-N134-2021.05.28-00.52.52_PTM902_2_0401.jpg	test	phantom	present
PTM902-N134-2021.05.28-00.52.52_PTM902_1_0402.jpg	test	phantom	present
PTM902-N135-2021.05.28-00.57.37_PTM902_3_0403.jpg	test	phantom	present
PTM902-N135-2021.05.28-00.57.37_PTM902_2_0404.jpg	test	phantom	present
PTM902-N135-2021.05.28-00.57.37_PTM902_1_0405.jpg	test	phantom	present
PTM902-N136-2021.05.28-01.02.18_PTM902_3_0406.jpg	test	phantom	present
PTM902-N136-2021.05.28-01.02.18_PTM902_2_0407.jpg	test	phantom	present
PTM902-N136-2021.05.28-01.02.18_PTM902_1_0408.jpg	test	phantom	present
PTM902-N137-2021.05.28-01.06.56_PTM902_3_0409.jpg	test	phantom	present
PTM902-N137-2021.05.28-01.06.56_PTM902_2_0410.jpg	test	phantom	present
PTM902-N137-2021.05.28-01.06.56_PTM902_1_0411.jpg	test	phantom	present
PTM902-N138-2021.05.28-01.11.30_PTM902_3_0412.jpg	test	phantom	present
PTM902-N138-2021.05.28-01.11.30_PTM902_2_0413.jpg	test	phantom	present
PTM902-N138-2021.05.28-01.11.30_PTM902_1_0414.jpg	test	phantom	present
PTM902-N139-2021.05.28-01.16.25_PTM902_1_0415.jpg	test	phantom	present
PTM902-N139-2021.05.28-01.16.25_PTM902_2_0416.jpg	test	phantom	present
PTM902-N139-2021.05.28-01.16.25_PTM902_1_0417.jpg	test	phantom	present
PTM902-N140-2021.05.28-01.20.53_PTM902_1_0418.jpg	test	phantom	present
PTM902-N140-2021.05.28-01.20.53_PTM902_2_0419.jpg	test	phantom	present
PTM902-N140-2021.05.28-01.20.53_PTM902_1_0420.jpg	test	phantom	present
0421.tif	test	phantom	absent
0422.tif	test	phantom	absent
0423.tif	test	phantom	absent
PTM902-N142-2021.05.28-01.25.27_PTM902_1_0424.jpg	test	phantom	present
PTM902-N142-2021.05.28-01.25.27_PTM902_2_0425.jpg	test	phantom	present
PTM902-N142-2021.05.28-01.25.27_PTM902_1_0426.jpg	test	phantom	present
PTM902-N143-2021.05.28-01.30.16_PTM902_3_0427.jpg	test	phantom	present
PTM902-N143-2021.05.28-01.30.16_PTM902_2_0428.jpg	test	phantom	present
PTM902-N143-2021.05.28-01.30.16_PTM902_1_0429.jpg	test	phantom	present
PTM902-N144-2021.05.28-01.35.16_PTM902_3_0430.jpg	test	phantom	present
PTM902-N144-2021.05.28-01.35.16_PTM902_2_0431.jpg	test	phantom	present
PTM902-N144-2021.05.28-01.35.16_PTM902_1_0432.jpg	test	phantom	present
PTM902-N145-2021.05.28-01.40.12_PTM902_3_0433.jpg	test	phantom	present
PTM902-N145-2021.05.28-01.40.12_PTM902_2_0434.jpg	test	phantom	present
PTM902-N145-2021.05.28-01.40.12_PTM902_1_0435.jpg	test	phantom	present
PTM902-N146-2021.05.28-01.45.23_PTM902_3_0436.jpg	test	phantom	present
PTM902-N146-2021.05.28-01.45.23_PTM902_2_0437.jpg	test	phantom	present
PTM902-N146-2021.05.28-01.45.23_PTM902_1_0438.jpg	test	phantom	present
PTM902-N147-2021.05.28-01.49.53_PTM902_3_0439.jpg	test	phantom	present
PTM902-N147-2021.05.28-01.49.53_PTM902_2_0440.jpg	test	phantom	present
PTM902-N147-2021.05.28-01.49.53_PTM902_1_0441.jpg	test	phantom	present
PTM902-N148-2021.05.28-01.54.46_PTM902_1_0442.jpg	test	phantom	present
PTM902-N148-2021.05.28-01.54.46_PTM902_2_0443.jpg	test	phantom	present
PTM902-N148-2021.05.28-01.54.46_PTM902_1_0444.jpg	test	phantom	present
PTM902-N149-2021.05.28-01.59.20_PTM902_3_0445.jpg	test	phantom	present
PTM902-N149-2021.05.28-01.59.20_PTM902_2_0446.jpg	test	phantom	present
PTM902-N149-2021.05.28-01.59.20_PTM902_1_0447.jpg	test	phantom	present
PTM902-N150-2021.05.28-02.04.20_PTM902_3_0448.jpg	test	phantom	present
PTM902-N150-2021.05.28-02.04.20_PTM902_2_0449.jpg	test	phantom	present
PTM902-N150-2021.05.28-02.04.20_PTM902_1_0450.jpg	test	phantom	present
PTM902-N151-2021.05.28-02.09.20_PTM902_3_0451.jpg	test	phantom	present
PTM902-N151-2021.05.28-02.09.20_PTM902_2_0452.jpg	test	phantom	present
PTM902-N151-2021.05.28-02.09.20_PTM902_1_0453.jpg	test	phantom	present
PTM902-N152-2021.05.28-02.14.19_PTM902_3_0454.jpg	test	phantom	present
PTM902-N152-2021.05.28-02.14.19_PTM902_2_0455.jpg	test	phantom	present
PTM902-N152-2021.05.28-02.14.19_PTM902_1_0456.jpg	test	phantom	present
PTM902-N153-2021.05.28-02.19.01_PTM902_3_0457.jpg	test	phantom	present
PTM902-N153-2021.05.28-02.19.01_PTM902_2_0458.jpg	test	phantom	present
PTM902-N153-2021.05.28-02.19.01_PTM902_1_0459.jpg	test	phantom	present
PTM902-N154-2021.05.28-02.24.06_PTM902_3_0460.jpg	test	phantom	present
PTM902-N154-2021.05.28-02.24.06_PTM902_2_0461.jpg	test	phantom	present
PTM902-N154-2021.05.28-02.24.06_PTM902_1_0462.jpg	test	phantom	present
PTM902-N155-2021.05.28-02.29.18_PTM902_3_0463.jpg	test	phantom	present
PTM902-N155-2021.05.28-02.29.18_PTM902_2_0464.jpg	test	phantom	present
PTM902-N155-2021.05.28-02.29.18_PTM902_1_0465.jpg	test	phantom	present
PTM902-N156-2021.05.28-02.33.54_PTM902_3_0466.jpg	test	phantom	present
PTM902-N156-2021.05.28-02.33.54_PTM902_2_0467.jpg	test	phantom	present
PTM902-N156-2021.05.28-02.33.54_PTM902_1_0468.jpg	test	phantom	present
PTM902-N157-2021.05.28-02.38.35_PTM902_3_0469.jpg	test	phantom	present
PTM902-N157-2021.05.28-02.38.35_PTM902_2_0470.jpg	test	phantom	present
PTM902-N157-2021.05.28-02.38.35_PTM902_1_0471.jpg	test	phantom	present
PTM902-N158-2021.05.28-02.43.36_PTM902_3_0472.jpg	test	phantom	present
PTM902-N158-2021.05.28-02.43.36_PTM902_2_0473.jpg	test	phantom	present
PTM902-N158-2021.05.28-02.43.36_PTM902_1_0474.jpg	test	phantom	present
PTM902-N159-2021.05.28-02.48.22_PTM902_3_0475.jpg	test	phantom	present
PTM902-N159-2021.05.28-02.48.22_PTM902_2_0476.jpg	test	phantom	present
PTM902-N159-2021.05.28-02.48.22_PTM902_1_0477.jpg	test	phantom	present
PTM902-N160-2021.05.28-02.53.01_PTM902_3_0478.jpg	test	phantom	present
PTM902-N160-2021.05.28-02.53.01_PTM902_2_0479.jpg	test	phantom	present
PTM902-N160-2021.05.28-02.53.01_PTM902_1_0480.jpg	test	phantom	present
PTM902-N161-2021.05.28-02.57.54_PTM902_3_0481.jpg	test	phantom	present
PTM902-N161-2021.05.28-02.57.54_PTM902_2_0482.jpg	test	phantom	present
PTM902-N161-2021.05.28-02.57.54_PTM902_1_0483.jpg	test	phantom	present
PTM902-N162-2021.05.28-03.02.55_PTM902_3_0484.jpg	test	phantom	present
PTM902-N162-2021.05.28-03.02.55_PTM902_2_0485.jpg	test	phantom	present
PTM902-N162-2021.05.28-03.02.55_PTM902_1_0486.jpg	test	phantom	present
PTM902-N163-2021.05.28-03.07.59_PTM902_3_0487.jpg	test	phantom	present
PTM902-N163-2021.05.28-03.07.59_PTM902_2_0488.jpg	test	phantom	present
PTM902-N163-2021.05.28-03.07.59_PTM902_1_0489.jpg	test	phantom	present
PTM902-N164-2021.05.28-03.12.48_PTM902_3_0490.jpg	test	phantom	present
PTM902-N164-2021.05.28-03.12.48_PTM902_2_0491.jpg	test	phantom	present
PTM902-N164-2021.05.28-03.12.48_PTM902_1_0492.jpg	test	phantom	present
PTM902-N165-2021.05.28-03.18.22_PTM902_3_0493.jpg	test	phantom	present
PTM902-N165-2021.05.28-03.18.22_PTM902_2_0494.jpg	test	phantom	present
PTM902-N165-2021.05.28-03.18.22_PTM902_1_0495.jpg	test	phantom	present
PTM902-N166-2021.05.28-03.23.50_PTM902_3_0496.jpg	test	phantom	present
PTM902-N166-2021.05.28-03.23.50_PTM902_2_0497.jpg	test	phantom	present
PTM902-N166-2021.05.28-03.23.50_PTM902_1_0498.jpg	test	phantom	present
PTM902-N167-2021.05.28-03.29.17_PTM902_3_0499.jpg	test	phantom	present
PTM902-N167-2021.05.28-03.29.17_PTM902_2_0500.jpg	test	phantom	present
PTM902-N167-2021.05.28-03.29.17_PTM902_1_0501.jpg	test	phantom	present
PTM902-N168-2021.05.28-03.34.32_PTM902_3_0502.jpg	test	phantom	present
PTM902-N168-2021.05.28-03.34.32_PTM902_2_0503.jpg	test	phantom	present
PTM902-N168-2021.05.28-03.34.32_PTM902_1_0504.jpg	test	phantom	present
PTM902-N169-2021.05.28-03.39.25_PTM902_3_0505.jpg	test	phantom	present
PTM902-N169-2021.05.28-03.39.25_PTM902_2_0506.jpg	test	phantom	present
PTM902-N169-2021.05.28-03.39.25_PTM902_1_0507.jpg	test	phantom	present
PTM902-N170-2021.05.28-03.44.11_PTM902_3_0508.jpg	test	phantom	present
PTM902-N170-2021.05.28-03.44.11_PTM902_2_0509.jpg	test	phantom	present
PTM902-N170-2021.05.28-03.44.11_PTM902_1_0510.jpg	test	phantom	present
PTM902-N171-2021.05.28-03.48.48_PTM902_3_0511.jpg	test	phantom	present
PTM902-N171-2021.05.28-03.48.48_PTM902_2_0512.jpg	test	phantom	present
PTM902-N171-2021.05.28-03.48.48_PTM902_1_0513.jpg	test	phantom	present
PTM902-N172-2021.05.28-03.53.19_PTM902_3_0514.jpg	test	phantom	present
PTM902-N172-2021.05.28-03.53.19_PTM902_2_0515.jpg	test	phantom	present
PTM902-N172-2021.05.28-03.53.19_PTM902_1_0516.jpg	test	phantom	present
PTM902-N173-2021.05.28-03.58.16_PTM902_3_0517.jpg	test	phantom	present
PTM902-N173-2021.05.28-03.58.16_PTM902_2_0518.jpg	test	phantom	present
PTM902-N173-2021.05.28-03.58.16_PTM902_1_0519.jpg	test	phantom	present
PTM902-N174-2021.05.28-04.03.12_PTM902_3_0520.jpg	test	phantom	present
PTM902-N174-2021.05.28-04.03.12_PTM902_2_0521.jpg	test	phantom	present
PTM902-N174-2021.05.28-04.03.12_PTM902_1_0522.jpg	test	phantom	present
PTM902-N175-2021.05.28-04.07.56_PTM902_3_0523.jpg	test	phantom	present
PTM902-N175-2021.05.28-04.07.56_PTM902_2_0524.jpg	test	phantom	present
PTM902-N175-2021.05.28-04.07.56_PTM902_1_0525.jpg	test	phantom	present
PTM902-N176-2021.05.28-04.12.35_PTM902_3_0526.jpg	test	phantom	present
PTM902-N176-2021.05.28-04.12.35_PTM902_2_0527.jpg	test	phantom	present
PTM902-N176-2021.05.28-04.12.35_PTM902_1_0528.jpg	test	phantom	present
PTM902-N177-2021.05.28-04.17.26_PTM902_3_0529.jpg	test	phantom	present
PTM902-N177-2021.05.28-04.17.26_PTM902_2_0530.jpg	test	phantom	present
PTM902-N177-2021.05.28-04.17.26_PTM902_1_0531.jpg	test	phantom	present
PTM902-N178-2021.05.28-04.21.44_PTM902_1_0532.jpg	test	phantom	present
PTM902-N178-2021.05.28-04.21.44_PTM902_2_0533.jpg	test	phantom	present
PTM902-N178-2021.05.28-04.21.44_PTM902_1_0534.jpg	test	phantom	present
PTM902-N179-2021.05.28-04.25.57_PTM902_3_0535.jpg	test	phantom	present
PTM902-N179-2021.05.28-04.25.57_PTM902_2_0536.jpg	test	phantom	present
PTM902-N179-2021.05.28-04.25.57_PTM902_1_0537.jpg	test	phantom	present
PTM902-N180-2021.05.28-04.30.33_PTM902_3_0538.jpg	test	phantom	present
PTM902-N180-2021.05.28-04.30.33_PTM902_2_0539.jpg	test	phantom	present
PTM902-N180-2021.05.28-04.30.33_PTM902_1_0540.jpg	test	phantom	present
PTM902-N181-2021.05.28-04.34.50_PTM902_3_0541.jpg	test	phantom	present
PTM902-N181-2021.05.28-04.34.50_PTM902_2_0542.jpg	test	phantom	present
PTM902-N181-2021.05.28-04.34.50_PTM902_1_0543.jpg	test	phantom	present
PTM902-N182-2021.05.28-04.39.09_PTM902_1_0544.jpg	test	phantom	present
PTM902-N182-2021.05.28-04.39.09_PTM902_2_0545.jpg	test	phantom	present
PTM902-N182-2021.05.28-04.39.09_PTM902_1_0546.jpg	test	phantom	present
PTM902-N183-2021.05.28-04.43.42_PTM902_3_0547.jpg	test	phantom	present
PTM902-N183-2021.05.28-04.43.42_PTM902_2_0548.jpg	test	phantom	present
PTM902-N183-2021.05.28-04.43.42_PTM902_1_0549.jpg	test	phantom	present
PTM902-N184-2021.05.28-04.48.02_PTM902_1_0550.jpg	test	phantom	present
PTM902-N184-2021.05.28-04.48.02_PTM902_2_0551.jpg	test	phantom	present
PTM902-N184-2021.05.28-04.48.02_PTM902_1_0552.jpg	test	phantom	present
PTM902-N185-2021.05.28-04.52.49_PTM902_3_0553.jpg	test	phantom	present
PTM902-N185-2021.05.28-04.52.49_PTM902_2_0554.jpg	test	phantom	present
PTM902-N185-2021.05.28-04.52.49_PTM902_1_0555.jpg	test	phantom	present
PTM902-N186-2021.05.28-04.57.49_PTM902_3_0556.jpg	test	phantom	present
PTM902-N186-2021.05.28-04.57.49_PTM902_2_0557.jpg	test	phantom	present
PTM902-N186-2021.05.28-04.57.49_PTM902_1_0558.jpg	test	phantom	present
PTM902-N187-2021.05.28-05.02.48_PTM902_3_0559.jpg	test	phantom	present
PTM902-N187-2021.05.28-05.02.48_PTM902_2_0560.jpg	test	phantom	present
PTM902-N187-2021.05.28-05.02.48_PTM902_1_0561.jpg	test	phantom	present
PTM902-N188-2021.05.28-05.07.30_PTM902_3_0562.jpg	test	phantom	present
PTM902-N188-2021.05.28-05.07.30_PTM902_2_0563.jpg	test	phantom	present
PTM902-N188-2021.05.28-05.07.30_PTM902_1_0564.jpg	test	phantom	present
PTM902-N189-2021.05.28-05.11.59_PTM902_3_0565.jpg	test	phantom	present
PTM902-N189-2021.05.28-05.11.59_PTM902_2_0566.jpg	test	phantom	present
PTM902-N189-2021.05.28-05.11.59_PTM902_1_0567.jpg	test	phantom	present
PTM902-N190-2021.05.28-05.16.55_PTM902_3_0568.jpg	test	phantom	present
PTM902-N190-2021.05.28-05.16.55_PTM902_2_0569.jpg	test	phantom	present
PTM902-N190-2021.05.28-05.16.55_PTM902_1_0570.jpg	test	phantom	present
PTM902-N191-2021.05.28-05.21.39_PTM902_3_0571.jpg	test	phantom	present
PTM902-N191-2021.05.28-05.21.39_PTM902_2_0572.jpg	test	phantom	present
PTM902-N191-2021.05.28-05.21.39_PTM902_1_0573.jpg	test	phantom	present
PTM902-N192-2021.05.28-05.26.15_PTM902_3_0574.jpg	test	phantom	present
PTM902-N192-2021.05.28-05.26.15_PTM902_2_0575.jpg	test	phantom	present
PTM902-N192-2021.05.28-05.26.15_PTM902_1_0576.jpg	test	phantom	present
PTM902-N193-2021.05.28-05.31.07_PTM902_3_0577.jpg	test	phantom	present
PTM902-N193-2021.05.28-05.31.07_PTM902_2_0578.jpg	test	phantom	present
PTM902-N193-2021.05.28-05.31.07_PTM902_1_0579.jpg	test	phantom	present
PTM902-N194-2021.05.28-05.35.41_PTM902_3_0580.jpg	test	phantom	present
PTM902-N194-2021.05.28-05.35.41_PTM902_2_0581.jpg	test	phantom	present
PTM902-N194-2021.05.28-05.35.41_PTM902_1_0582.jpg	test	phantom	present
PTM902-N195-2021.05.28-05.40.04_PTM902_3_0583.jpg	test	phantom	present
PTM902-N195-2021.05.28-05.40.04_PTM902_2_0584.jpg	test	phantom	present
PTM902-N195-2021.05.28-05.40.04_PTM902_1_0585.jpg	test	phantom	present
PTM902-N196-2021.05.28-05.44.37_PTM902_3_0586.jpg	test	phantom	present
PTM902-N196-2021.05.28-05.44.37_PTM902_2_0587.jpg	test	phantom	present
PTM902-N196-2021.05.28-05.44.37_PTM902_1_0588.jpg	test	phantom	present
PTM902-N197-2021.05.28-05.48.50_PTM902_3_0589.jpg	test	phantom	present
PTM902-N197-2021.05.28-05.48.50_PTM902_2_0590.jpg	test	phantom	present
PTM902-N197-2021.05.28-05.48.50_PTM902_1_0591.jpg	test	phantom	present
PTM902-N198-2021.05.28-05.53.05_PTM902_1_0592.jpg	test	phantom	present
PTM902-N198-2021.05.28-05.53.05_PTM902_2_0593.jpg	test	phantom	present
PTM902-N198-2021.05.28-05.53.05_PTM902_1_0594.jpg	test	phantom	present
PTM902-N199-2021.05.28-05.57.48_PTM902_3_0595.jpg	test	phantom	present
PTM902-N199-2021.05.28-05.57.48_PTM902_2_0596.jpg	test	phantom	present
PTM902-N199-2021.05.28-05.57.48_PTM902_1_0597.jpg	test	phantom	present
PTM902-N200-2021.05.28-06.02.33_PTM902_3_0598.jpg	test	phantom	present
PTM902-N200-2021.05.28-06.02.33_PTM902_2_0599.jpg	test	phantom	present
PTM902-N200-2021.05.28-06.02.33_PTM902_1_0600.jpg	test	phantom	present
PTM902-N201-2021.05.28-06.07.02_PTM902_3_0601.jpg	test	phantom	present
PTM902-N201-2021.05.28-06.07.02_PTM902_2_0602.jpg	test	phantom	present
PTM902-N201-2021.05.28-06.07.02_PTM902_1_0603.jpg	test	phantom	present
PTM902-N202-2021.05.28-06.11.28_PTM902_3_0604.jpg	test	phantom	present
PTM902-N202-2021.05.28-06.11.28_PTM902_2_0605.jpg	test	phantom	present
PTM902-N202-2021.05.28-06.11.28_PTM902_1_0606.jpg	test	phantom	present
PTM902-N203-2021.05.28-06.16.13_PTM902_3_0607.jpg	test	phantom	present
PTM902-N203-2021.05.28-06.16.13_PTM902_2_0608.jpg	test	phantom	present
PTM902-N203-2021.05.28-06.16.13_PTM902_1_0609.jpg	test	phantom	present
PTM902-N204-2021.05.28-06.20.40_PTM902_3_0610.jpg	test	phantom	present
PTM902-N204-2021.05.28-06.20.40_PTM902_2_0611.jpg	test	phantom	present
PTM902-N204-2021.05.28-06.20.40_PTM902_1_0612.jpg	test	phantom	present
PTM902-N205-2021.05.28-06.25.12_PTM902_3_0613.jpg	test	phantom	present
PTM902-N205-2021.05.28-06.25.12_PTM902_2_0614.jpg	test	phantom	present
PTM902-N205-2021.05.28-06.25.12_PTM902_1_0615.jpg	test	phantom	present
PTM902-N206-2021.05.28-06.29.59_PTM902_3_0616.jpg	test	phantom	present
PTM902-N206-2021.05.28-06.29.59_PTM902_2_0617.jpg	test	phantom	present
PTM902-N206-2021.05.28-06.29.59_PTM902_1_0618.jpg	test	phantom	present
PTM902-N207-2021.05.28-06.34.13_PTM902_3_0619.jpg	test	phantom	present
PTM902-N207-2021.05.28-06.34.13_PTM902_2_0620.jpg	test	phantom	present
PTM902-N207-2021.05.28-06.34.13_PTM902_1_0621.jpg	test	phantom	present
PTM902-N208-2021.05.28-06.38.35_PTM902_3_0622.jpg	test	phantom	present
PTM902-N208-2021.05.28-06.38.35_PTM902_2_0623.jpg	test	phantom	present
PTM902-N208-2021.05.28-06.38.35_PTM902_1_0624.jpg	test	phantom	present
PTM902-N209-2021.05.28-06.42.39_PTM902_3_0625.jpg	test	phantom	present
PTM902-N209-2021.05.28-06.42.39_PTM902_2_0626.jpg	test	phantom	present
PTM902-N209-2021.05.28-06.42.39_PTM902_1_0627.jpg	test	phantom	present
PTM902-N210-2021.05.27-15.06.26_PTM902_1_0628.jpg	test	phantom	present
PTM902-N210-2021.05.27-15.06.26_PTM902_2_0629.jpg	test	phantom	present
PTM902-N210-2021.05.27-15.06.26_PTM902_3_0630.jpg	test	phantom	present
PTM902-N211-2021.05.27-11.55.09_PTM902_1_0631.jpg	test	phantom	present
PTM902-N211-2021.05.27-11.55.09_PTM902_2_0632.jpg	test	phantom	present
PTM902-N211-2021.05.27-11.55.09_PTM902_3_0633.jpg	test	phantom	present
PTM902-N212-2021.05.27-11.59.06_PTM902_1_0634.jpg	test	phantom	present
PTM902-N212-2021.05.27-11.59.06_PTM902_2_0635.jpg	test	phantom	present
PTM902-N212-2021.05.27-11.59.06_PTM902_3_0636.jpg	test	phantom	present
PTM902-N213-2021.05.27-12.02.42_PTM902_1_0637.jpg	test	phantom	present
PTM902-N213-2021.05.27-12.02.42_PTM902_2_0638.jpg	test	phantom	present
PTM902-N213-2021.05.27-12.02.42_PTM902_3_0639.jpg	test	phantom	present
PTM902-N214-2021.05.27-12.06.11_PTM902_1_0640.jpg	test	phantom	present
PTM902-N214-2021.05.27-12.06.11_PTM902_2_0641.jpg	test	phantom	present
PTM902-N214-2021.05.27-12.06.11_PTM902_3_0642.jpg	test	phantom	present
PTM902-N215-2021.05.27-12.09.42_PTM902_1_0643.jpg	test	phantom	present
PTM902-N215-2021.05.27-12.09.42_PTM902_2_0644.jpg	test	phantom	present
PTM902-N215-2021.05.27-12.09.42_PTM902_3_0645.jpg	test	phantom	present
PTM902-N216-2021.05.27-13.04.48_PTM902_1_0646.jpg	test	phantom	present
PTM902-N216-2021.05.27-13.04.48_PTM902_2_0647.jpg	test	phantom	present
PTM902-N216-2021.05.27-13.04.48_PTM902_3_0648.jpg	test	phantom	present
PTM902-N217-2021.05.27-13.08.07_PTM902_1_0649.jpg	test	phantom	present
PTM902-N217-2021.05.27-13.08.07_PTM902_2_0650.jpg	test	phantom	present
PTM902-N217-2021.05.27-13.08.07_PTM902_3_0651.jpg	test	phantom	present
PTM902-N218-2021.05.27-13.15.55_PTM902_1_0652.jpg	test	phantom	present
PTM902-N218-2021.05.27-13.15.55_PTM902_2_0653.jpg	test	phantom	present
PTM902-N218-2021.05.27-13.15.55_PTM902_3_0654.jpg	test	phantom	present
PTM902-N219-2021.05.27-13.19.06_PTM902_1_0655.jpg	test	phantom	present
PTM902-N219-2021.05.27-13.19.06_PTM902_2_0656.jpg	test	phantom	present
PTM902-N219-2021.05.27-13.19.06_PTM902_3_0657.jpg	test	phantom	present
PTM902-N220-2021.05.27-13.39.47_PTM902_1_0658.jpg	test	phantom	present
PTM902-N220-2021.05.27-13.39.47_PTM902_2_0659.jpg	test	phantom	present
PTM902-N220-2021.05.27-13.39.47_PTM902_3_0660.jpg	test	phantom	present
PTM902-N221-2021.05.27-13.42.35_PTM902_1_0661.jpg	test	phantom	present
PTM902-N221-2021.05.27-13.42.35_PTM902_2_0662.jpg	test	phantom	present
PTM902-N221-2021.05.27-13.42.35_PTM902_3_0663.jpg	test	phantom	present
PTM902-N222-2021.05.27-13.44.50_PTM902_1_0664.jpg	test	phantom	present
PTM902-N222-2021.05.27-13.44.50_PTM902_2_0665.jpg	test	phantom	present
PTM902-N222-2021.05.27-13.44.50_PTM902_3_0666.jpg	test	phantom	present
PTM902-N223-2021.05.27-13.47.10_PTM902_1_0667.jpg	test	phantom	present
PTM902-N223-2021.05.27-13.47.10_PTM902_2_0668.jpg	test	phantom	present
